工程採購數量計算表,,,,,,,,,,,,,,,,,,,,,,,,
物流中心,,,,,,,,,,,,,,,,,,,,,,,,
輕隔間數量計算表 (全棟合併),,,,,,,,,,,,,,,,,,,,,,,,
樓別名稱,,輕隔間牆,,,,,,門開口、窗開口,,,,,,,輕隔間牆面積,,,,,,,,,
編號,空間名稱,空間周長,輕隔間牆類型,牆長,牆高,面積,小計,名稱,數量,長,高,面積,小計,總計,12cm輕隔間,79mm 內部隔板 (1-hr),135mm 內部隔板 (2-hr),138mm 內部隔板 (1-hr),玻璃隔間1CM,廁所隔牆2.5cm,廁所隔牆3cm,輕隔間 (1hr) 79mm,輕隔間 (1hr) 138mm,輕隔間 (2hr) 135mm
F1000,A區梯廳,,,,,,,,,,,,,,,,,,,,,,,
F1003,無障礙廁所,,,,,,,,,,,,,,,,,,,,,,,
F1004,大會議室/多功能室,,,,,,,,,,,,,,,,,,,,,,,
F1006,A安全梯(無障礙樓梯),,,,,,,,,,,,,,,,,,,,,,,
F1007,儲藏室,,,,,,,,,,,,,,,,,,,,,,,
F1008,服務櫃台/行政辦公室,,,,,,,,,,,,,,,,,,,,,,,
F1009,諮商區,,,,,,,,,,,,,,,,,,,,,,,
F1010,女廁,,廁所隔牆3cm,=1.04,2.17,=E13*F13,=G13,衛生間門60*220,1,0.60,2.20,=J13*K13*L13,=M13,=H13-N13,,,,,,,=O13,,,
F1011,A無障礙電梯,,,,,,,,,,,,,,,,,,,,,,,
F1012,走廊,,,,,,,,,,,,,,,,,,,,,,,
F1013,外廊,,,,,,,,,,,,,,,,,,,,,,,
F1014,健康諮詢室,,,,,,,,,,,,,,,,,,,,,,,
F1016,走廊,,,,,,,,,,,,,,,,,,,,,,,
F1017,走廊,,,,,,,,,,,,,,,,,,,,,,,
F1018,日常活動場所(物理治療區),,,,,,,,,,,,,,,,,,,,,,,
F1019,消毒室,,,,,,,,,,,,,,,,,,,,,,,
F1020,口腔照護室,,,,,,,,,,,,,,,,,,,,,,,
F1021,無障礙浴室,,,,,,,,,,,,,,,,,,,,,,,
F1022,無障礙浴室前室,,,,,,,,,,,,,,,,,,,,,,,
F1023,儲藏室/教具室,,,,,,,,,,,,,,,,,,,,,,,
F1024,情緒舒緩區,,廁所隔牆3cm,=1.20+1.40+1.34+2.27,2.16,=E26*F26,=G26,衛生間門60*220,3,0.60,2.20,=J26*K26*L26,=M26,=H26-N26,,,,,,,=O26,,,
F1025,走廊,,,,,,,,,,,,,,,,,,,,,,,
F1026,鞋櫃/儲物櫃,,,,,,,,,,,,,,,,,,,,,,,
F1027,日照入口/落塵區,,,,,,,,,,,,,,,,,,,,,,,
F1028,日常活動場所(運動復能區),,,,,,,,,,,,,,,,,,,,,,,
F1047,走廊,,,,,,,,,,,,,,,,,,,,,,,
F1048,服務櫃台,,,,,,,,,,,,,,,,,,,,,,,
F1049,無障礙廁所,,,,,,,,,,,,,,,,,,,,,,,
F1050,走廊,,,,,,,,,,,,,,,,,,,,,,,
F1051,行政辦公區,,,,,,,,,,,,,,,,,,,,,,,
F1052,日常活動場所(二單元休憩區),,,,,,,,,,,,,,,,,,,,,,,
F1149,工作站,,,,,,,,,,,,,,,,,,,,,,,
F954,機械室(一),,,,,,,,,,,,,,,,,,,,,,,
F955,機械室(二),,,,,,,,,,,,,,,,,,,,,,,
F956,機械室(三),,,,,,,,,,,,,,,,,,,,,,,
F957,污衣及醫療廢材室,,,,,,,,,,,,,,,,,,,,,,,
F958,污物室,,,,,,,,,,,,,,,,,,,,,,,
F959,電氣室,,,,,,,,,,,,,,,,,,,,,,,
F960,自來水受水池,,,,,,,,,,,,,,,,,,,,,,,
F961,男廁,,廁所隔牆3cm,=1.33+1.07,2.19,=E45*F45,=G45,衛生間門60*220,1,0.60,2.20,=J45*K45*L45,=M45,=H45-N45,,,,,,,=O45,,,
F963,諮商區/會客區,,,,,,,,,,,,,,,,,,,,,,,
F966,日常活動場所(開放式廚房),,,,,,,,,,,,,,,,,,,,,,,
F968,性別友善廁所(男),,廁所隔牆3cm,=2.30,2.06,=E48*F48,=G48,衛生間門60*220,1,0.60,2.20,=J48*K48*L48,=M48,=H48-N48,,,,,,,=O48,,,
F969,性別友善廁所(女),,廁所隔牆3cm,=1.28+4.72+1.28+1.05,2.14,=E49*F49,=G49,衛生間門60*220,5,0.60,2.20,=J49*K49*L49,=M49,=H49-N49,,,,,,,=O49,,,
F977,日常活動場所(共同活動空間),,,,,,,,,,,,,,,,,,,,,,,
F980,冷凍庫房/乾料區,,,,,,,,,,,,,,,,,,,,,,,
F981,廚房,,,,,,,,,,,,,,,,,,,,,,,
F982,配膳區/洗碗區,,,,,,,,,,,,,,,,,,,,,,,
F983,電氣室,,,,,,,,,,,,,,,,,,,,,,,
F984,台電配電室,,,,,,,,,,,,,,,,,,,,,,,
F985,消防機房兼緊急發電機室,,,,,,,,,,,,,,,,,,,,,,,
F986,電信資訊機房,,,,,,,,,,,,,,,,,,,,,,,
F987,教具室,,,,,,,,,,,,,,,,,,,,,,,
F988,無障礙廁所,,,,,,,,,,,,,,,,,,,,,,,
F989,值班室,,,,,,,,,,,,,,,,,,,,,,,
F990,廁所,,,,,,,,,,,,,,,,,,,,,,,
F992,大廳/諮商/會客區,,,,,,,,,,,,,,,,,,,,,,,
F995,大庫房,,,,,,,,,,,,,,,,,,,,,,,
F996,B安全梯(無障礙樓梯),,,,,,,,,,,,,,,,,,,,,,,
F997,儲藏室,,,,,,,,,,,,,,,,,,,,,,,
F998,B區梯廳,,,,,,,,,,,,,,,,,,,,,,,
F999,B無障礙電梯,,,,,,,,,,,,,,,,,,,,,,,
F1053,女浴前室,,,,,,,,,,,,,,,,,,,,,,,
F1054,男浴前室,,,,,,,,,,,,,,,,,,,,,,,
F1055,女浴室,,,,,,,,,,,,,,,,,,,,,,,
F1056,宗教閱覽室,,,,,,,,,,,,,,,,,,,,,,,
F1057,宗教閱覽室,,,,,,,,,,,,,,,,,,,,,,,
F859,教具室,,,,,,,,,,,,,,,,,,,,,,,
F860,醫材儲藏室,,,,,,,,,,,,,,,,,,,,,,,
F861,員工休息室,,,,,,,,,,,,,,,,,,,,,,,
F862,病歷室,,,,,,,,,,,,,,,,,,,,,,,
F863,準備室,,,,,,,,,,,,,,,,,,,,,,,
F864,工作站,,,,,,,,,,,,,,,,,,,,,,,
F865,配膳室,,,,,,,,,,,,,,,,,,,,,,,
F869,洗衣/烘衣房,,,,,,,,,,,,,,,,,,,,,,,
F870,污衣室,,,,,,,,,,,,,,,,,,,,,,,
F871,污物室,,,,,,,,,,,,,,,,,,,,,,,
F872,電氣室,,,,,,,,,,,,,,,,,,,,,,,
F873,儲藏室,,,,,,,,,,,,,,,,,,,,,,,
F874,寢室【1床】,,,,,,,,,,,,,,,,,,,,,,,
F875,寢室【1床】,,,,,,,,,,,,,,,,,,,,,,,
F876,寢室【1床】,,,,,,,,,,,,,,,,,,,,,,,
F877,寢室【1床】,,,,,,,,,,,,,,,,,,,,,,,
F878,寢室【1床】,,,,,,,,,,,,,,,,,,,,,,,
F879,寢室【2床】,,,,,,,,,,,,,,,,,,,,,,,
F880,寢室【2床】,,,,,,,,,,,,,,,,,,,,,,,
F882,浴廁,,,,,,,,,,,,,,,,,,,,,,,
F883,浴廁,,,,,,,,,,,,,,,,,,,,,,,
F884,浴廁,,,,,,,,,,,,,,,,,,,,,,,
F885,浴廁,,,,,,,,,,,,,,,,,,,,,,,
F886,浴廁,,,,,,,,,,,,,,,,,,,,,,,
F887,浴廁,,,,,,,,,,,,,,,,,,,,,,,
F888,浴廁,,,,,,,,,,,,,,,,,,,,,,,
F890,浴廁,,,,,,,,,,,,,,,,,,,,,,,
F891,浴廁,,,,,,,,,,,,,,,,,,,,,,,
F892,浴廁,,,,,,,,,,,,,,,,,,,,,,,
F893,浴廁,,,,,,,,,,,,,,,,,,,,,,,
F894,浴廁,,,,,,,,,,,,,,,,,,,,,,,
F895,浴廁,,,,,,,,,,,,,,,,,,,,,,,
F896,浴廁,,,,,,,,,,,,,,,,,,,,,,,
F897,浴廁,,,,,,,,,,,,,,,,,,,,,,,
F898,浴廁,,,,,,,,,,,,,,,,,,,,,,,
F899,浴廁,,,,,,,,,,,,,,,,,,,,,,,
F900,浴廁,,,,,,,,,,,,,,,,,,,,,,,
F901,浴廁,,,,,,,,,,,,,,,,,,,,,,,
F902,寢室【2床】,,,,,,,,,,,,,,,,,,,,,,,
F903,寢室【2床】,,,,,,,,,,,,,,,,,,,,,,,
F904,寢室【2床】,,,,,,,,,,,,,,,,,,,,,,,
F905,寢室【2床】,,,,,,,,,,,,,,,,,,,,,,,
F906,寢室【2床】,,,,,,,,,,,,,,,,,,,,,,,
F907,寢室【2床】,,,,,,,,,,,,,,,,,,,,,,,
F908,寢室【2床】,,,,,,,,,,,,,,,,,,,,,,,
F909,寢室【2床】,,,,,,,,,,,,,,,,,,,,,,,
F910,寢室【2床】,,,,,,,,,,,,,,,,,,,,,,,
F911,寢室【2床】,,,,,,,,,,,,,,,,,,,,,,,
F912,寢室【2床】,,,,,,,,,,,,,,,,,,,,,,,
F913,無障礙廁所,,,,,,,,,,,,,,,,,,,,,,,
F914,隔離室,,,,,,,,,,,,,,,,,,,,,,,
F915,前室,,,,,,,,,,,,,,,,,,,,,,,
F916,B區走廊,,,,,,,,,,,,,,,,,,,,,,,
F918,B梯廳,,,,,,,,,,,,,,,,,,,,,,,
F919,B無障礙電梯,,,,,,,,,,,,,,,,,,,,,,,
F920,B安全梯(無障礙樓梯),,,,,,,,,,,,,,,,,,,,,,,
F921,男浴室,,,,,,,,,,,,,,,,,,,,,,,
F924,無障礙廁所,,,,,,,,,,,,,,,,,,,,,,,
F925,A區梯廳,,,,,,,,,,,,,,,,,,,,,,,
F926,女廁,,廁所隔牆3cm,=1.34+2.27+1.04,2.18,=E132*F132,=G132,衛生間門60*220,3,0.60,2.20,=J132*K132*L132,=M132,=H132-N132,,,,,,,=O132,,,
F927,男廁,,廁所隔牆3cm,=1.33+1.07,2.19,=E133*F133,=G133,衛生間門60*220,1,0.60,2.20,=J133*K133*L133,=M133,=H133-N133,,,,,,,=O133,,,
F928,A安全梯(無障礙樓梯),,,,,,,,,,,,,,,,,,,,,,,
F929,A無障礙電梯,,,,,,,,,,,,,,,,,,,,,,,
F931,寢室【2床】,,,,,,,,,,,,,,,,,,,,,,,
F932,浴廁,,,,,,,,,,,,,,,,,,,,,,,
F933,寢室【1床】,,,,,,,,,,,,,,,,,,,,,,,
F934,寢室【1床】,,,,,,,,,,,,,,,,,,,,,,,
F935,寢室【1床】,,,,,,,,,,,,,,,,,,,,,,,
F936,寢室【2床】,,,,,,,,,,,,,,,,,,,,,,,
F939,陽台,,,,,,,,,,,,,,,,,,,,,,,
F940,浴廁,,,,,,,,,,,,,,,,,,,,,,,
F941,浴廁,,,,,,,,,,,,,,,,,,,,,,,
F942,浴廁,,,,,,,,,,,,,,,,,,,,,,,
F943,浴廁,,,,,,,,,,,,,,,,,,,,,,,
F945,餐廳/交誼空間,,,,,,,,,,,,,,,,,,,,,,,
F946,動態休閒區,,,,,,,,,,,,,,,,,,,,,,,
F947,A區走廊,,,,,,,,,,,,,,,,,,,,,,,
F948,洗漱區,,,,,,,,,,,,,,,,,,,,,,,
F949,靜態休閒區,,,,,,,,,,,,,,,,,,,,,,,
F952,A區走廊,,,,,,,,,,,,,,,,,,,,,,,
F953,A區走廊,,,,,,,,,,,,,,,,,,,,,,,
F1061,教具室,,,,,,,,,,,,,,,,,,,,,,,
F1062,醫材儲藏室,,,,,,,,,,,,,,,,,,,,,,,
F1063,員工休息室,,,,,,,,,,,,,,,,,,,,,,,
F1064,病歷室,,,,,,,,,,,,,,,,,,,,,,,
F1065,準備室,,,,,,,,,,,,,,,,,,,,,,,
F1066,工作站,,,,,,,,,,,,,,,,,,,,,,,
F1067,配膳室,,,,,,,,,,,,,,,,,,,,,,,
F1068,洗衣/烘衣房,,,,,,,,,,,,,,,,,,,,,,,
F1069,污衣室,,,,,,,,,,,,,,,,,,,,,,,
F1070,污物室,,,,,,,,,,,,,,,,,,,,,,,
F1071,電氣室,,,,,,,,,,,,,,,,,,,,,,,
F1072,儲藏室,,,,,,,,,,,,,,,,,,,,,,,
F1073,寢室【1床】,,,,,,,,,,,,,,,,,,,,,,,
F1074,寢室【1床】,,,,,,,,,,,,,,,,,,,,,,,
F1075,寢室【1床】,,,,,,,,,,,,,,,,,,,,,,,
F1076,寢室【1床】,,,,,,,,,,,,,,,,,,,,,,,
F1077,寢室【1床】,,,,,,,,,,,,,,,,,,,,,,,
F1078,寢室【2床】,,,,,,,,,,,,,,,,,,,,,,,
F1079,寢室【2床】,,,,,,,,,,,,,,,,,,,,,,,
F1080,浴廁,,,,,,,,,,,,,,,,,,,,,,,
F1081,浴廁,,,,,,,,,,,,,,,,,,,,,,,
F1082,浴廁,,,,,,,,,,,,,,,,,,,,,,,
F1083,浴廁,,,,,,,,,,,,,,,,,,,,,,,
F1084,浴廁,,,,,,,,,,,,,,,,,,,,,,,
F1085,浴廁,,,,,,,,,,,,,,,,,,,,,,,
F1086,浴廁,,,,,,,,,,,,,,,,,,,,,,,
F1087,浴廁,,,,,,,,,,,,,,,,,,,,,,,
F1088,浴廁,,,,,,,,,,,,,,,,,,,,,,,
F1089,浴廁,,,,,,,,,,,,,,,,,,,,,,,
F1090,浴廁,,,,,,,,,,,,,,,,,,,,,,,
F1091,浴廁,,,,,,,,,,,,,,,,,,,,,,,
F1092,浴廁,,,,,,,,,,,,,,,,,,,,,,,
F1093,浴廁,,,,,,,,,,,,,,,,,,,,,,,
F1094,浴廁,,,,,,,,,,,,,,,,,,,,,,,
F1095,浴廁,,,,,,,,,,,,,,,,,,,,,,,
F1096,浴廁,,,,,,,,,,,,,,,,,,,,,,,
F1097,浴廁,,,,,,,,,,,,,,,,,,,,,,,
F1098,浴廁,,,,,,,,,,,,,,,,,,,,,,,
F1099,寢室【2床】,,,,,,,,,,,,,,,,,,,,,,,
F1100,寢室【2床】,,,,,,,,,,,,,,,,,,,,,,,
F1101,寢室【2床】,,,,,,,,,,,,,,,,,,,,,,,
F1102,寢室【2床】,,,,,,,,,,,,,,,,,,,,,,,
F1103,寢室【2床】,,,,,,,,,,,,,,,,,,,,,,,
F1104,寢室【2床】,,,,,,,,,,,,,,,,,,,,,,,
F1105,寢室【2床】,,,,,,,,,,,,,,,,,,,,,,,
F1106,寢室【2床】,,,,,,,,,,,,,,,,,,,,,,,
F1107,寢室【2床】,,,,,,,,,,,,,,,,,,,,,,,
F1108,寢室【2床】,,,,,,,,,,,,,,,,,,,,,,,
F1109,寢室【2床】,,,,,,,,,,,,,,,,,,,,,,,
F1110,無障礙廁所,,,,,,,,,,,,,,,,,,,,,,,
F1111,隔離室,,,,,,,,,,,,,,,,,,,,,,,
F1112,前室,,,,,,,,,,,,,,,,,,,,,,,
F1113,B區走廊,,,,,,,,,,,,,,,,,,,,,,,
F1114,B梯廳,,,,,,,,,,,,,,,,,,,,,,,
F1115,B無障礙電梯,,,,,,,,,,,,,,,,,,,,,,,
F1116,B安全梯(無障礙樓梯),,,,,,,,,,,,,,,,,,,,,,,
F1117,無障礙浴室,,,,,,,,,,,,,,,,,,,,,,,
F1118,無障礙廁所,,,,,,,,,,,,,,,,,,,,,,,
F1119,A區梯廳,,,,,,,,,,,,,,,,,,,,,,,
F1120,女廁,,廁所隔牆3cm,=1.34+2.27+1.04,2.18,=E213*F213,=G213,衛生間門60*220,3,0.60,2.20,=J213*K213*L213,=M213,=H213-N213,,,,,,,=O213,,,
F1121,男廁,,廁所隔牆3cm,=1.33+1.07,2.19,=E214*F214,=G214,衛生間門60*220,1,0.60,2.20,=J214*K214*L214,=M214,=H214-N214,,,,,,,=O214,,,
F1122,A安全梯(無障礙樓梯),,,,,,,,,,,,,,,,,,,,,,,
F1123,A無障礙電梯,,,,,,,,,,,,,,,,,,,,,,,
F1124,寢室【2床】,,,,,,,,,,,,,,,,,,,,,,,
F1125,浴廁,,,,,,,,,,,,,,,,,,,,,,,
F1126,寢室【1床】,,,,,,,,,,,,,,,,,,,,,,,
F1127,寢室【1床】,,,,,,,,,,,,,,,,,,,,,,,
F1128,寢室【1床】,,,,,,,,,,,,,,,,,,,,,,,
F1129,寢室【2床】,,,,,,,,,,,,,,,,,,,,,,,
F1130,陽台,,,,,,,,,,,,,,,,,,,,,,,
F1131,浴廁,,,,,,,,,,,,,,,,,,,,,,,
F1132,浴廁,,,,,,,,,,,,,,,,,,,,,,,
F1133,浴廁,,,,,,,,,,,,,,,,,,,,,,,
F1134,浴廁,,,,,,,,,,,,,,,,,,,,,,,
F1135,餐廳/交誼空間,,,,,,,,,,,,,,,,,,,,,,,
F1136,動態休閒區,,,,,,,,,,,,,,,,,,,,,,,
F1137,A區走廊,,,,,,,,,,,,,,,,,,,,,,,
F1138,洗漱區,,,,,,,,,,,,,,,,,,,,,,,
F1139,靜態休閒區,,,,,,,,,,,,,,,,,,,,,,,
F1140,A區走廊,,,,,,,,,,,,,,,,,,,,,,,
F1141,A區走廊,,,,,,,,,,,,,,,,,,,,,,,
F1142,無障礙浴室前室,,,,,,,,,,,,,,,,,,,,,,,
F1145,宗教閱覽室,,,,,,,,,,,,,,,,,,,,,,,
F1146,宗教閱覽室,,,,,,,,,,,,,,,,,,,,,,,
F1147,B區走廊,,,,,,,,,,,,,,,,,,,,,,,
F1041,洗衣房/烘衣房,,,,,,,,,,,,,,,,,,,,,,,
F1042,污衣室,,,,,,,,,,,,,,,,,,,,,,,
F1043,污物室,,,,,,,,,,,,,,,,,,,,,,,
F1044,電氣室,,,,,,,,,,,,,,,,,,,,,,,
F1045,B區走廊,,,,,,,,,,,,,,,,,,,,,,,
F1058,無障礙浴室前室,,,,,,,,,,,,,,,,,,,,,,,
F1059,宗教閱覽室,,,,,,,,,,,,,,,,,,,,,,,
F1060,廁所,,,,,,,,,,,,,,,,,,,,,,,
F1148,靜態休閒區,,,,,,,,,,,,,,,,,,,,,,,
F553,寢室【6床】,,,,,,,,,,,,,,,,,,,,,,,
F555,員工休息室,,,,,,,,,,,,,,,,,,,,,,,
F556,病歷室,,,,,,,,,,,,,,,,,,,,,,,
F557,準備室,,,,,,,,,,,,,,,,,,,,,,,
F558,工作站,,,,,,,,,,,,,,,,,,,,,,,
F559,醫材儲藏室,,,,,,,,,,,,,,,,,,,,,,,
F560,餐廳/交誼空間,,,,,,,,,,,,,,,,,,,,,,,
F561,動態休閒區,,,,,,,,,,,,,,,,,,,,,,,
F564,A區走廊,,,,,,,,,,,,,,,,,,,,,,,
F569,儲藏室,,,,,,,,,,,,,,,,,,,,,,,
F570,寢室【6床】,,,,,,,,,,,,,,,,,,,,,,,
F571,寢室【6床】,,,,,,,,,,,,,,,,,,,,,,,
F572,寢室【6床】,,,,,,,,,,,,,,,,,,,,,,,
F573,寢室【6床】,,,,,,,,,,,,,,,,,,,,,,,
F574,寢室【6床】,,,,,,,,,,,,,,,,,,,,,,,
F575,寢室【6床】,,,,,,,,,,,,,,,,,,,,,,,
F576,寢室【6床】,,,,,,,,,,,,,,,,,,,,,,,
F577,無障礙浴室,,,,,,,,,,,,,,,,,,,,,,,
F578,廁所,,,,,,,,,,,,,,,,,,,,,,,
F579,廁所,,,,,,,,,,,,,,,,,,,,,,,
F580,廁所,,,,,,,,,,,,,,,,,,,,,,,
F581,廁所,,,,,,,,,,,,,,,,,,,,,,,
F582,廁所,,,,,,,,,,,,,,,,,,,,,,,
F583,廁所,,,,,,,,,,,,,,,,,,,,,,,
F584,浴廁,,,,,,,,,,,,,,,,,,,,,,,
F586,廁所,,,,,,,,,,,,,,,,,,,,,,,
F587,浴廁,,,,,,,,,,,,,,,,,,,,,,,
F589,浴廁,,,,,,,,,,,,,,,,,,,,,,,
F590,浴廁,,,,,,,,,,,,,,,,,,,,,,,
F591,浴廁,,,,,,,,,,,,,,,,,,,,,,,
F592,浴廁,,,,,,,,,,,,,,,,,,,,,,,
F593,浴廁,,,,,,,,,,,,,,,,,,,,,,,
F594,浴廁,,,,,,,,,,,,,,,,,,,,,,,
F595,浴廁,,,,,,,,,,,,,,,,,,,,,,,
F596,浴廁,,,,,,,,,,,,,,,,,,,,,,,
F597,浴廁,,,,,,,,,,,,,,,,,,,,,,,
F598,浴廁,,,,,,,,,,,,,,,,,,,,,,,
F599,寢室【1床】,,,,,,,,,,,,,,,,,,,,,,,
F600,寢室【1床】,,,,,,,,,,,,,,,,,,,,,,,
F601,寢室【1床】,,,,,,,,,,,,,,,,,,,,,,,
F602,寢室【1床】,,,,,,,,,,,,,,,,,,,,,,,
F603,寢室【1床】,,,,,,,,,,,,,,,,,,,,,,,
F604,寢室【1床】,,,,,,,,,,,,,,,,,,,,,,,
F605,寢室【1床】,,,,,,,,,,,,,,,,,,,,,,,
F606,寢室【1床】,,,,,,,,,,,,,,,,,,,,,,,
F607,寢室【1床】,,,,,,,,,,,,,,,,,,,,,,,
F608,寢室【1床】,,,,,,,,,,,,,,,,,,,,,,,
F609,寢室【1床】,,,,,,,,,,,,,,,,,,,,,,,
F666,無障礙廁所,,,,,,,,,,,,,,,,,,,,,,,
F668,隔離室,,,,,,,,,,,,,,,,,,,,,,,
F669,前室,,,,,,,,,,,,,,,,,,,,,,,
F671,B區走廊,,,,,,,,,,,,,,,,,,,,,,,
F672,B區走廊,,,,,,,,,,,,,,,,,,,,,,,
F673,B梯廳,,,,,,,,,,,,,,,,,,,,,,,
F674,B無障礙電梯,,,,,,,,,,,,,,,,,,,,,,,
F675,B安全梯(無障礙樓梯),,,,,,,,,,,,,,,,,,,,,,,
F677,洗漱區,,,,,,,,,,,,,,,,,,,,,,,
F678,A區走廊,,,,,,,,,,,,,,,,,,,,,,,
F679,A區走廊,,,,,,,,,,,,,,,,,,,,,,,
F680,配膳室,,,,,,,,,,,,,,,,,,,,,,,
F681,A區梯廳,,,,,,,,,,,,,,,,,,,,,,,
F682,女廁,,廁所隔牆3cm,=1.42+2.27+1.04,2.15,=E309*F309,=G309,衛生間門60*220,3,0.60,2.20,=J309*K309*L309,=M309,=H309-N309,,,,,,,=O309,,,
F683,男廁,,廁所隔牆3cm,=1.33+1.07,2.19,=E310*F310,=G310,衛生間門60*220,1,0.60,2.20,=J310*K310*L310,=M310,=H310-N310,,,,,,,=O310,,,
F684,A安全梯(無障礙樓梯),,,,,,,,,,,,,,,,,,,,,,,
F685,A無障礙電梯,,,,,,,,,,,,,,,,,,,,,,,
F686,復健區,,,,,,,,,,,,,,,,,,,,,,,
F688,宗教閱覽室,,,,,,,,,,,,,,,,,,,,,,,
F690,陽台,,,,,,,,,,,,,,,,,,,,,,,
F1029,員工休息室,,,,,,,,,,,,,,,,,,,,,,,
F1030,員工休息室,,,,,,,,,,,,,,,,,,,,,,,
F1031,洗衣/烘衣房,,,,,,,,,,,,,,,,,,,,,,,
F1032,陽台,,,,,,,,,,,,,,,,,,,,,,,
F1033,女浴廁,,廁所隔牆3cm,=2.46+1.37+1.37+2.34,2.12,=E320*F320,=G320,衛生間門60*220,4,0.60,2.20,=J320*K320*L320,=M320,=H320-N320,,,,,,,=O320,,,
F1034,男浴廁,,廁所隔牆3cm,=1.07+1.14,2.10,=E321*F321,=G321,衛生間門60*220,2,0.60,2.20,=J321*K321*L321,=M321,=H321-N321,,,,,,,=O321,,,
F1035,B安全梯(無障礙樓梯),,,,,,,,,,,,,,,,,,,,,,,
F1036,B無障礙電梯,,,,,,,,,,,,,,,,,,,,,,,
F1037,機械室,,,,,,,,,,,,,,,,,,,,,,,
F1038,A區梯廳,,,,,,,,,,,,,,,,,,,,,,,
F1039,A安全梯(無障礙樓梯),,,,,,,,,,,,,,,,,,,,,,,
F1040,A無障礙電梯,,,,,,,,,,,,,,,,,,,,,,,
F529,員工休息室,,,,,,,,,,,,,,,,,,,,,,,
F530,員工休息室,,,,,,,,,,,,,,,,,,,,,,,
F539,走廊,,,,,,,,,,,,,,,,,,,,,,,
F540,教具室,,,,,,,,,,,,,,,,,,,,,,,
F541,B梯廳,,,,,,,,,,,,,,,,,,,,,,,
F543,露台,,,,,,,,,,,,,,,,,,,,,,,
